{
  "window_size": 6,
  "raw_feature_names": [
    "voltage_v",
    "current_a",
    "power_kw",
    "power_ratio",
    "voltage_ratio",
    "current_ratio",
    "nominal_power_kw",
    "base_voltage_kv",
    "degree",
    "type_bus",
    "type_external_grid",
    "type_load"
  ],
  "class_names": [
    "normal",
    "outage",
    "overload",
    "sensor_fault",
    "undervoltage"
  ],
  "node_type_values": [
    "bus",
    "external_grid",
    "load"
  ],
  "feature_mean": [
    19523.528209937467,
    9.96409514714214,
    195.6237189360507,
    0.8011954567286623,
    0.9761764104968774,
    0.8163007992550618,
    193.46315789473684,
    20.0,
    2.1894736842105265,
    0.12631578947368421,
    0.010526315789473684,
    0.8631578947368421
  ],
  "feature_std": [
    1976.8550136296285,
    44.482366266905345,
    873.3053550484292,
    0.20399640890331763,
    0.0988427506814823,
    0.22336402957681384,
    688.5306752410189,
    1.0,
    3.2291264480872583,
    0.3322049229064037,
    0.10205641805089215,
    0.34368058352230835
  ],
  "full_node_ids": [
    "bus_ccpd",
    "bus_chem_dept",
    "bus_dispensary",
    "bus_ifc_a",
    "bus_lh",
    "bus_lib",
    "bus_mega_hostel",
    "bus_mfc",
    "bus_mme",
    "bus_ped",
    "bus_siemens_centre_of_excellence",
    "bus_slack",
    "grid_main",
    "load_ccpd_01",
    "load_ccpd_02",
    "load_ccpd_03",
    "load_ccpd_04",
    "load_ccpd_05",
    "load_ccpd_06",
    "load_ccpd_07",
    "load_ccpd_08",
    "load_ccpd_09",
    "load_ccpd_10",
    "load_chem_dept_01",
    "load_chem_dept_02",
    "load_chem_dept_03",
    "load_chem_dept_04",
    "load_chem_dept_05",
    "load_chem_dept_06",
    "load_chem_dept_07",
    "load_chem_dept_08",
    "load_chem_dept_09",
    "load_chem_dept_10",
    "load_dispensary_01",
    "load_dispensary_02",
    "load_dispensary_03",
    "load_dispensary_04",
    "load_dispensary_05",
    "load_dispensary_06",
    "load_dispensary_07",
    "load_dispensary_08",
    "load_dispensary_09",
    "load_dispensary_10",
    "load_ifc_a_01",
    "load_ifc_a_02",
    "load_ifc_a_03",
    "load_ifc_a_04",
    "load_ifc_a_05",
    "load_ifc_a_06",
    "load_ifc_a_07",
    "load_ifc_a_08",
    "load_ifc_a_09",
    "load_ifc_a_10",
    "load_lh_01",
    "load_lh_02",
    "load_lh_03",
    "load_lh_04",
    "load_lh_05",
    "load_lh_06",
    "load_lh_07",
    "load_lh_08",
    "load_lh_09",
    "load_lh_10",
    "load_lib_01",
    "load_lib_02",
    "load_lib_03",
    "load_lib_04",
    "load_lib_05",
    "load_lib_06",
    "load_lib_07",
    "load_lib_08",
    "load_lib_09",
    "load_lib_10",
    "load_mega_hostel_01",
    "load_mega_hostel_02",
    "load_mfc_01",
    "load_mfc_02",
    "load_mfc_03",
    "load_mfc_04",
    "load_mfc_05",
    "load_mfc_06",
    "load_mfc_07",
    "load_mfc_08",
    "load_mfc_09",
    "load_mfc_10",
    "load_mme_01",
    "load_mme_02",
    "load_mme_03",
    "load_mme_04",
    "load_mme_05",
    "load_mme_06",
    "load_mme_07",
    "load_mme_08",
    "load_mme_09",
    "load_mme_10",
    "load_ped_01",
    "load_ped_02",
    "load_ped_03",
    "load_ped_04",
    "load_ped_05",
    "load_ped_06",
    "load_ped_07",
    "load_ped_08",
    "load_ped_09",
    "load_ped_10",
    "load_siemens_centre_of_excellence_01",
    "load_siemens_centre_of_excellence_02",
    "load_siemens_centre_of_excellence_03",
    "load_siemens_centre_of_excellence_04",
    "load_siemens_centre_of_excellence_05",
    "load_siemens_centre_of_excellence_06",
    "load_siemens_centre_of_excellence_07",
    "load_siemens_centre_of_excellence_08",
    "load_siemens_centre_of_excellence_09",
    "load_siemens_centre_of_excellence_10"
  ],
  "train_node_ids": [
    "bus_ccpd",
    "bus_chem_dept",
    "bus_dispensary",
    "bus_ifc_a",
    "bus_lh",
    "bus_lib",
    "bus_mega_hostel",
    "bus_mfc",
    "bus_mme",
    "bus_ped",
    "bus_siemens_centre_of_excellence",
    "bus_slack",
    "grid_main",
    "load_ccpd_01",
    "load_ccpd_04",
    "load_ccpd_06",
    "load_ccpd_07",
    "load_ccpd_08",
    "load_ccpd_09",
    "load_ccpd_10",
    "load_chem_dept_02",
    "load_chem_dept_04",
    "load_chem_dept_05",
    "load_chem_dept_06",
    "load_chem_dept_07",
    "load_chem_dept_08",
    "load_chem_dept_09",
    "load_dispensary_01",
    "load_dispensary_02",
    "load_dispensary_03",
    "load_dispensary_06",
    "load_dispensary_08",
    "load_dispensary_09",
    "load_dispensary_10",
    "load_ifc_a_01",
    "load_ifc_a_02",
    "load_ifc_a_04",
    "load_ifc_a_05",
    "load_ifc_a_08",
    "load_ifc_a_09",
    "load_ifc_a_10",
    "load_lh_01",
    "load_lh_02",
    "load_lh_03",
    "load_lh_04",
    "load_lh_05",
    "load_lh_08",
    "load_lh_09",
    "load_lh_10",
    "load_lib_01",
    "load_lib_02",
    "load_lib_03",
    "load_lib_06",
    "load_lib_07",
    "load_lib_09",
    "load_lib_10",
    "load_mega_hostel_01",
    "load_mega_hostel_02",
    "load_mfc_01",
    "load_mfc_02",
    "load_mfc_03",
    "load_mfc_04",
    "load_mfc_05",
    "load_mfc_07",
    "load_mfc_08",
    "load_mfc_09",
    "load_mfc_10",
    "load_mme_01",
    "load_mme_02",
    "load_mme_03",
    "load_mme_04",
    "load_mme_05",
    "load_mme_06",
    "load_mme_07",
    "load_mme_08",
    "load_mme_09",
    "load_mme_10",
    "load_ped_01",
    "load_ped_02",
    "load_ped_03",
    "load_ped_04",
    "load_ped_05",
    "load_ped_06",
    "load_ped_07",
    "load_ped_08",
    "load_ped_09",
    "load_ped_10",
    "load_siemens_centre_of_excellence_01",
    "load_siemens_centre_of_excellence_04",
    "load_siemens_centre_of_excellence_05",
    "load_siemens_centre_of_excellence_06",
    "load_siemens_centre_of_excellence_07",
    "load_siemens_centre_of_excellence_08",
    "load_siemens_centre_of_excellence_09",
    "load_siemens_centre_of_excellence_10"
  ],
  "temporal_hidden_dim": 48,
  "graph_hidden_dim": 48,
  "graph_hidden_dim_2": 24,
  "learning_rate": 0.01,
  "seed": 7,